분류1	분류2	상세 기능 설명	특장점
Channel	채널 관리	• 간편한 채널 설정 및 관리
채널 이름, 아트워크, 장르, 시청등급(Rating) 등을 한 화면에서 직관적으로 설정하고 관리할 수 있어,
채널 구성 작업이 매우 빠르게 진행 가능

• 유연한 광고 정책 설정
채널별로 Ad Policy Type을 선택해 운영 가능:

Auto: 자동으로 광고 포인트 생성
Interval: 정해진 시간 간격마다 광고 포인트 생성
Break Point: 에셋별로 수동 입력한 광고 지점 활용

• Ad Slate 복수 등록 및 관리
채널 단위로 다양한 Ad Slate 영상을 복수 등록할 수 있어, 상황에 따라 유동적으로 송출할 수 있음	✔️자동 광고 포인트 생성으로 빠른 편성 가능
별도의 광고 지점을 사전에 입력하지 않아도 자동 설정 기능을 통해 즉시 채널 편성이 가능해, 운영 속도를 단축시킬 수 있음

✔️Ad Slate 관리의 편의성
타 시스템(Wurl)에서는 에피소드마다 Ad Slate를 수동 삽입하고 교체 시에도 각 에피소드를 수정해야 하는 반면,
Playout+는 채널 단위로 Ad Slate를 관리할 수 있어, 교체가 훨씬 간편하며 복수의 Slate 등록으로 다양한 광고 전환 효과를 줄 수 있음
Library	라이브러리 관리	• 영상 일괄 업로드 지원
다양한 파일 포맷(mp4, mov, mpeg, mpg 등)을 지원하며, 대용량 영상도 드래그앤드롭으로 간편하게 업로드할 수 있음

• 메타데이터 일괄 등록 (CSV 파일 기반)
에셋 정보 등록 시 CSV 파일을 통해 한 번에 여러 건의 메타데이터 입력이 가능하여, 대규모 콘텐츠 관리에 유리함.

• Stillcut 자동 생성 기능
영상 업로드 시 자동으로 썸네일 이미지(최대 3컷)를 생성하며, 필요 시 별도 이미지 업로드도 가능.	✔️ 대량의 콘텐츠 신속한 처리
일괄 업로드 및 일괄 메타데이터 등록 기능을 통해 수백 편의 콘텐츠도 단시간 내 정리 및 관리가 가능하여,
직접 채널을 운영할 때 발생하는 수작업 부담을 크게 줄일 수 있음.

✔️ 정교한 에셋 분류 및 관리
카테고리 및 키워드 기능으로 콘텐츠 검색과 분류가 편리하며, 운영 중 콘텐츠 식별 및 편성에 소요되는 시간을 최소화할 수 있음.

✔️ EPG 송출용 타이틀 별도 설정 가능
에셋 내부에서 사용하는 Internal Title과 시청자에게 노출되는 Program Title을 분리해 사용할 수 있어, 라이브러리를 효과적으로 관리할 수 있음
Schedule	템플릿 편성	• 편성 템플릿 기반 운영
24시간 편성을 수동으로 입력하는 방식이 아닌, 채널별로 편성 템플릿을 제작해 원하는 날짜에 적용하거나 디폴트 설정을 통해 자동 불러오기 설정 가능

• Block 단위 편성 전략 설정
각 편성 블록별로 Type(Repeat, Binge, Random)을 지정해 콘텐츠 특성에 맞는 편성 전략을 쉽게 적용할 수 있음

• 자동 콘텐츠 매칭 시스템
Block에 시간과 카테고리/키워드를 지정하면, 해당 조건에 맞는 콘텐츠가 자동으로 배치되어 빠르고 효율적인 편성 가능

• 다수 템플릿 등록 및 요일별 적용 가능
주중/주말 등 요일에 따라 템플릿을 달리 적용할 수 있어, 규칙적이면서도 유연한 편성 운영 가능

• 자동 편성 후 수동 수정 가능
자동으로 배치된 편성 내역은 필요 시 에피소드 추가/삭제 등 수동 조정도 간편하게 가능해 운영 유연성을 확보할 수 있음	✔️ 운영 리소스를 최소화한 스마트 편성
단일 IP 기반 채널처럼 반복성이 높은 콘텐츠의 경우, 기본 템플릿만 세팅해두면 이후 별도 인력 투입 없이 자동 편성이 가능하여 운영 효율을 극대화할 수 있음

✔️ 콘텐츠 특성에 따른 편성 전략 가능
ex: 드라마 → 회차 순서대로 이어보는 Binge 편성, 음악/예능 → 랜덤하게 다양한 에피소드를 보여주는 Random 편성
콘텐츠 유형에 따라 블록 단위 전략 편성이 가능하여 시청자 만족도 향상에 기여

✔️ 스케줄 전략 다양화 가능
요일별 템플릿 활용으로 고정적인 주간 운영 루틴을 쉽게 구축할 수 있으며, 이벤트성 편성도 유연하게 반영 가능
VOD	VOD 그룹 생성 및 관리	• VOD Group 생성 및 관리
Playout+에 업로드된 콘텐츠(에셋)를 VOD Group으로 묶어, 외부 VOD 플랫폼으로 직접 전송할 수 있음

• VOD 그룹별 설정 및 광고 구성 가능
채널과 동일하게 VOD 그룹 단위로 설정을 적용할 수 있으며, 각 그룹에 Ad Slate도 등록 가능하여 광고 기반의 수익 모델 구축도 용이	✔️ 이중 작업 없는 효율적 운영
이미 Playout+에 등록된 콘텐츠는 별도의 추가 업로드나 파일 재전송 없이, 동일한 에셋을 채널 편성과 VOD 양쪽에 모두 활용할 수 있음.
→ 콘텐츠 전달 리소스 및 운영 시간 절감

✔️ 유연하고 손쉬운 VOD 콘텐츠 편성
채널 편성과 마찬가지로, 에셋을 그룹에 쉽게 추가하거나 제거할 수 있어 콘텐츠 단위의 유연한 서비스 관리가 가능함
Schedule	편성표 확인 및 관리	• 편성표 다운로드 지원
Excel, PDF, HTML 형식으로 편성표를 추출할 수 있어 내부 보고 및 외부 파트너 공유에 용이

• 7일치 편성 한눈에 확인
주간 단위 편성 일정을 가시적으로 확인 가능하며, 현재 온에어 중인 콘텐츠는 실시간으로 표시됨

• 다중 시간대 지원 (UTC, KST, MXT, EST)
글로벌 서비스에 맞춰 네 가지 시간대 동시 표기 → 지역별 편성 시간 혼동 없이 운영 가능

• 에셋 클릭 시 Library Edit 창으로 이동
편성표 내에서 콘텐츠를 클릭하면 해당 에셋의 메타데이터 수정 화면으로 즉시 이동

• 에셋별 Preview 기능
콘텐츠의 광고 삽입 위치(Ad Point) 및 실제 방송 버전(Ad Slate 포함)을 미리 시청 가능	✔️ 실시간 편성 모니터링 및 즉시 수정 가능
현재 온에어 상태를 실시간으로 확인하고, 필요 시 편성표에서 직접 콘텐츠로 이동해 수정할 수 있어 운영 리스크를 줄일 수 있음

✔️ 글로벌 운영에 최적화된 구조
시간대 혼선 없이 지역별 운영 팀 간 협업 및 검수 가능, 특히 북미/중남미/아시아 등 다지역 서비스를 고려하는 플랫폼에 유리

✔️ 방송 전 사전 검수로 안정성 확보
광고 포함된 최종 영상 미리보기 기능으로 송출 전 품질 확인이 가능하며, 방송 사고를 사전에 예방

✔️ 다운로드 기능을 통한 외부 커뮤니케이션 강화
파트너사나 클라이언트에 주간 편성표 공유 시 편리하며, 보고용 문서로도 손쉽게 활용 가능